{"files":{"index.html":{"frameworks":["PiXelixe!!!!","pg.insight.events","pg.fontawesome","pg.css.grid","pg.image.overlay","pg.code-validator","pg.project.items","pg.asset.manager","pg.html","pg.components"],"last_page_width":1024}},"breakpoints":["700px","960px"],"frameworks":["PiXelixe!!!!","pg.insight.events","pg.fontawesome","pg.css.grid","pg.image.overlay","pg.code-validator","pg.project.items","pg.asset.manager","pg.html","pg.components"],"urls":{"index.html":{"open-page-views":[{"w":1024,"h":0}]}}}